<?xml version="1.0" encoding="UTF-8"?>
<Recipes>
   <VersionNumber>15</VersionNumber>
   <ModelGroup>
      <ManufacturerName>Impinj</ManufacturerName>
      <Mdid>801</Mdid>
      <ModelName>Monza 4D</ModelName>
      <ModelNumber>100</ModelNumber>
      <SeriesGroup>
         <SeriesNumber>0</SeriesNumber>
         <BitFields>
            <TidStartBit>55</TidStartBit>
            <TidEndBit>5C</TidEndBit>
            <SerialNumberStartBit>05</SerialNumberStartBit>
         </BitFields>
         <BitFields>
            <TidStartBit>41</TidStartBit>
            <TidEndBit>4F</TidEndBit>
            <SerialNumberStartBit>0D</SerialNumberStartBit>
         </BitFields>
         <BitFields>
            <TidStartBit>5D</TidStartBit>
            <TidEndBit>5F</TidEndBit>
            <SerialNumberStartBit>1C</SerialNumberStartBit>
         </BitFields>
         <BitFields>
            <TidStartBit>40</TidStartBit>
            <TidEndBit>40</TidEndBit>
            <SerialNumberStartBit>1F</SerialNumberStartBit>
         </BitFields>
         <BitFields>
            <TidStartBit>36</TidStartBit>
            <TidEndBit>39</TidEndBit>
            <SerialNumberStartBit>20</SerialNumberStartBit>
         </BitFields>
         <BitFields>
            <TidStartBit>3C</TidStartBit>
            <TidEndBit>3F</TidEndBit>
            <SerialNumberStartBit>24</SerialNumberStartBit>
         </BitFields>
      </SeriesGroup>
      <SeriesGroup>
         <SeriesNumber>1</SeriesNumber>
         <BitFields>
            <TidStartBit>55</TidStartBit>
            <TidEndBit>5F</TidEndBit>
            <SerialNumberStartBit>02</SerialNumberStartBit>
         </BitFields>
         <BitFields>
            <TidStartBit>40</TidStartBit>
            <TidEndBit>4F</TidEndBit>
            <SerialNumberStartBit>0D</SerialNumberStartBit>
         </BitFields>
         <BitFields>
            <TidStartBit>34</TidStartBit>
            <TidEndBit>35</TidEndBit>
            <SerialNumberStartBit>1D</SerialNumberStartBit>
         </BitFields>
         <BitFields>
            <TidStartBit>3B</TidStartBit>
            <TidEndBit>3B</TidEndBit>
            <SerialNumberStartBit>1F</SerialNumberStartBit>
         </BitFields>
         <BitFields>
            <TidStartBit>36</TidStartBit>
            <TidEndBit>39</TidEndBit>
            <SerialNumberStartBit>20</SerialNumberStartBit>
         </BitFields>
         <BitFields>
            <TidStartBit>3C</TidStartBit>
            <TidEndBit>3F</TidEndBit>
            <SerialNumberStartBit>24</SerialNumberStartBit>
         </BitFields>
      </SeriesGroup>
      <SeriesGroup>
         <SeriesNumber>2</SeriesNumber>
         <BitFields>
            <TidStartBit>55</TidStartBit>
            <TidEndBit>5F</TidEndBit>
            <SerialNumberStartBit>02</SerialNumberStartBit>
         </BitFields>
         <BitFields>
            <TidStartBit>40</TidStartBit>
            <TidEndBit>4F</TidEndBit>
            <SerialNumberStartBit>0D</SerialNumberStartBit>
         </BitFields>
         <BitFields>
            <TidStartBit>34</TidStartBit>
            <TidEndBit>35</TidEndBit>
            <SerialNumberStartBit>1D</SerialNumberStartBit>
         </BitFields>
         <BitFields>
            <TidStartBit>3B</TidStartBit>
            <TidEndBit>3B</TidEndBit>
            <SerialNumberStartBit>1F</SerialNumberStartBit>
         </BitFields>
         <BitFields>
            <TidStartBit>36</TidStartBit>
            <TidEndBit>39</TidEndBit>
            <SerialNumberStartBit>20</SerialNumberStartBit>
         </BitFields>
         <BitFields>
            <TidStartBit>3C</TidStartBit>
            <TidEndBit>3F</TidEndBit>
            <SerialNumberStartBit>24</SerialNumberStartBit>
         </BitFields>
      </SeriesGroup>
      <SeriesGroup>
         <SeriesNumber>3</SeriesNumber>
         <BitFields>
            <TidStartBit>55</TidStartBit>
            <TidEndBit>5F</TidEndBit>
            <SerialNumberStartBit>02</SerialNumberStartBit>
         </BitFields>
         <BitFields>
            <TidStartBit>40</TidStartBit>
            <TidEndBit>4F</TidEndBit>
            <SerialNumberStartBit>0D</SerialNumberStartBit>
         </BitFields>
         <BitFields>
            <TidStartBit>34</TidStartBit>
            <TidEndBit>35</TidEndBit>
            <SerialNumberStartBit>1D</SerialNumberStartBit>
         </BitFields>
         <BitFields>
            <TidStartBit>3B</TidStartBit>
            <TidEndBit>3B</TidEndBit>
            <SerialNumberStartBit>1F</SerialNumberStartBit>
         </BitFields>
         <BitFields>
            <TidStartBit>36</TidStartBit>
            <TidEndBit>39</TidEndBit>
            <SerialNumberStartBit>20</SerialNumberStartBit>
         </BitFields>
         <BitFields>
            <TidStartBit>3C</TidStartBit>
            <TidEndBit>3F</TidEndBit>
            <SerialNumberStartBit>24</SerialNumberStartBit>
         </BitFields>
      </SeriesGroup>
   </ModelGroup>
   <ModelGroup>
      <ManufacturerName>Impinj</ManufacturerName>
      <Mdid>801</Mdid>
      <ModelName>Monza 4E</ModelName>
      <ModelNumber>10C</ModelNumber>
      <SeriesGroup>
         <SeriesNumber>0</SeriesNumber>
         <BitFields>
            <TidStartBit>55</TidStartBit>
            <TidEndBit>5C</TidEndBit>
            <SerialNumberStartBit>05</SerialNumberStartBit>
         </BitFields>
         <BitFields>
            <TidStartBit>41</TidStartBit>
            <TidEndBit>4F</TidEndBit>
            <SerialNumberStartBit>0D</SerialNumberStartBit>
         </BitFields>
         <BitFields>
            <TidStartBit>5D</TidStartBit>
            <TidEndBit>5F</TidEndBit>
            <SerialNumberStartBit>1C</SerialNumberStartBit>
         </BitFields>
         <BitFields>
            <TidStartBit>40</TidStartBit>
            <TidEndBit>40</TidEndBit>
            <SerialNumberStartBit>1F</SerialNumberStartBit>
         </BitFields>
         <BitFields>
            <TidStartBit>36</TidStartBit>
            <TidEndBit>39</TidEndBit>
            <SerialNumberStartBit>20</SerialNumberStartBit>
         </BitFields>
         <BitFields>
            <TidStartBit>3C</TidStartBit>
            <TidEndBit>3F</TidEndBit>
            <SerialNumberStartBit>24</SerialNumberStartBit>
         </BitFields>
      </SeriesGroup>
      <SeriesGroup>
         <SeriesNumber>1</SeriesNumber>
         <BitFields>
            <TidStartBit>55</TidStartBit>
            <TidEndBit>5F</TidEndBit>
            <SerialNumberStartBit>02</SerialNumberStartBit>
         </BitFields>
         <BitFields>
            <TidStartBit>40</TidStartBit>
            <TidEndBit>4F</TidEndBit>
            <SerialNumberStartBit>0D</SerialNumberStartBit>
         </BitFields>
         <BitFields>
            <TidStartBit>34</TidStartBit>
            <TidEndBit>35</TidEndBit>
            <SerialNumberStartBit>1D</SerialNumberStartBit>
         </BitFields>
         <BitFields>
            <TidStartBit>3B</TidStartBit>
            <TidEndBit>3B</TidEndBit>
            <SerialNumberStartBit>1F</SerialNumberStartBit>
         </BitFields>
         <BitFields>
            <TidStartBit>36</TidStartBit>
            <TidEndBit>39</TidEndBit>
            <SerialNumberStartBit>20</SerialNumberStartBit>
         </BitFields>
         <BitFields>
            <TidStartBit>3C</TidStartBit>
            <TidEndBit>3F</TidEndBit>
            <SerialNumberStartBit>24</SerialNumberStartBit>
         </BitFields>
      </SeriesGroup>
      <SeriesGroup>
         <SeriesNumber>2</SeriesNumber>
         <BitFields>
            <TidStartBit>55</TidStartBit>
            <TidEndBit>5F</TidEndBit>
            <SerialNumberStartBit>02</SerialNumberStartBit>
         </BitFields>
         <BitFields>
            <TidStartBit>40</TidStartBit>
            <TidEndBit>4F</TidEndBit>
            <SerialNumberStartBit>0D</SerialNumberStartBit>
         </BitFields>
         <BitFields>
            <TidStartBit>34</TidStartBit>
            <TidEndBit>35</TidEndBit>
            <SerialNumberStartBit>1D</SerialNumberStartBit>
         </BitFields>
         <BitFields>
            <TidStartBit>3B</TidStartBit>
            <TidEndBit>3B</TidEndBit>
            <SerialNumberStartBit>1F</SerialNumberStartBit>
         </BitFields>
         <BitFields>
            <TidStartBit>36</TidStartBit>
            <TidEndBit>39</TidEndBit>
            <SerialNumberStartBit>20</SerialNumberStartBit>
         </BitFields>
         <BitFields>
            <TidStartBit>3C</TidStartBit>
            <TidEndBit>3F</TidEndBit>
            <SerialNumberStartBit>24</SerialNumberStartBit>
         </BitFields>
      </SeriesGroup>
      <SeriesGroup>
         <SeriesNumber>3</SeriesNumber>
         <BitFields>
            <TidStartBit>55</TidStartBit>
            <TidEndBit>5F</TidEndBit>
            <SerialNumberStartBit>02</SerialNumberStartBit>
         </BitFields>
         <BitFields>
            <TidStartBit>40</TidStartBit>
            <TidEndBit>4F</TidEndBit>
            <SerialNumberStartBit>0D</SerialNumberStartBit>
         </BitFields>
         <BitFields>
            <TidStartBit>34</TidStartBit>
            <TidEndBit>35</TidEndBit>
            <SerialNumberStartBit>1D</SerialNumberStartBit>
         </BitFields>
         <BitFields>
            <TidStartBit>3B</TidStartBit>
            <TidEndBit>3B</TidEndBit>
            <SerialNumberStartBit>1F</SerialNumberStartBit>
         </BitFields>
         <BitFields>
            <TidStartBit>36</TidStartBit>
            <TidEndBit>39</TidEndBit>
            <SerialNumberStartBit>20</SerialNumberStartBit>
         </BitFields>
         <BitFields>
            <TidStartBit>3C</TidStartBit>
            <TidEndBit>3F</TidEndBit>
            <SerialNumberStartBit>24</SerialNumberStartBit>
         </BitFields>
      </SeriesGroup>
   </ModelGroup>
   <ModelGroup>
      <ManufacturerName>Impinj</ManufacturerName>
      <Mdid>801</Mdid>
      <ModelName>Monza 4QT</ModelName>
      <ModelNumber>105</ModelNumber>
      <SeriesGroup>
         <SeriesNumber>0</SeriesNumber>
         <BitFields>
            <TidStartBit>55</TidStartBit>
            <TidEndBit>5C</TidEndBit>
            <SerialNumberStartBit>05</SerialNumberStartBit>
         </BitFields>
         <BitFields>
            <TidStartBit>41</TidStartBit>
            <TidEndBit>4F</TidEndBit>
            <SerialNumberStartBit>0D</SerialNumberStartBit>
         </BitFields>
         <BitFields>
            <TidStartBit>5D</TidStartBit>
            <TidEndBit>5F</TidEndBit>
            <SerialNumberStartBit>1C</SerialNumberStartBit>
         </BitFields>
         <BitFields>
            <TidStartBit>40</TidStartBit>
            <TidEndBit>40</TidEndBit>
            <SerialNumberStartBit>1F</SerialNumberStartBit>
         </BitFields>
         <BitFields>
            <TidStartBit>36</TidStartBit>
            <TidEndBit>39</TidEndBit>
            <SerialNumberStartBit>20</SerialNumberStartBit>
         </BitFields>
         <BitFields>
            <TidStartBit>3C</TidStartBit>
            <TidEndBit>3F</TidEndBit>
            <SerialNumberStartBit>24</SerialNumberStartBit>
         </BitFields>
      </SeriesGroup>
      <SeriesGroup>
         <SeriesNumber>1</SeriesNumber>
         <BitFields>
            <TidStartBit>55</TidStartBit>
            <TidEndBit>5F</TidEndBit>
            <SerialNumberStartBit>02</SerialNumberStartBit>
         </BitFields>
         <BitFields>
            <TidStartBit>40</TidStartBit>
            <TidEndBit>4F</TidEndBit>
            <SerialNumberStartBit>0D</SerialNumberStartBit>
         </BitFields>
         <BitFields>
            <TidStartBit>34</TidStartBit>
            <TidEndBit>35</TidEndBit>
            <SerialNumberStartBit>1D</SerialNumberStartBit>
         </BitFields>
         <BitFields>
            <TidStartBit>3B</TidStartBit>
            <TidEndBit>3B</TidEndBit>
            <SerialNumberStartBit>1F</SerialNumberStartBit>
         </BitFields>
         <BitFields>
            <TidStartBit>36</TidStartBit>
            <TidEndBit>39</TidEndBit>
            <SerialNumberStartBit>20</SerialNumberStartBit>
         </BitFields>
         <BitFields>
            <TidStartBit>3C</TidStartBit>
            <TidEndBit>3F</TidEndBit>
            <SerialNumberStartBit>24</SerialNumberStartBit>
         </BitFields>
      </SeriesGroup>
      <SeriesGroup>
         <SeriesNumber>2</SeriesNumber>
         <BitFields>
            <TidStartBit>55</TidStartBit>
            <TidEndBit>5F</TidEndBit>
            <SerialNumberStartBit>02</SerialNumberStartBit>
         </BitFields>
         <BitFields>
            <TidStartBit>40</TidStartBit>
            <TidEndBit>4F</TidEndBit>
            <SerialNumberStartBit>0D</SerialNumberStartBit>
         </BitFields>
         <BitFields>
            <TidStartBit>34</TidStartBit>
            <TidEndBit>35</TidEndBit>
            <SerialNumberStartBit>1D</SerialNumberStartBit>
         </BitFields>
         <BitFields>
            <TidStartBit>3B</TidStartBit>
            <TidEndBit>3B</TidEndBit>
            <SerialNumberStartBit>1F</SerialNumberStartBit>
         </BitFields>
         <BitFields>
            <TidStartBit>36</TidStartBit>
            <TidEndBit>39</TidEndBit>
            <SerialNumberStartBit>20</SerialNumberStartBit>
         </BitFields>
         <BitFields>
            <TidStartBit>3C</TidStartBit>
            <TidEndBit>3F</TidEndBit>
            <SerialNumberStartBit>24</SerialNumberStartBit>
         </BitFields>
      </SeriesGroup>
      <SeriesGroup>
         <SeriesNumber>3</SeriesNumber>
         <BitFields>
            <TidStartBit>55</TidStartBit>
            <TidEndBit>5F</TidEndBit>
            <SerialNumberStartBit>02</SerialNumberStartBit>
         </BitFields>
         <BitFields>
            <TidStartBit>40</TidStartBit>
            <TidEndBit>4F</TidEndBit>
            <SerialNumberStartBit>0D</SerialNumberStartBit>
         </BitFields>
         <BitFields>
            <TidStartBit>34</TidStartBit>
            <TidEndBit>35</TidEndBit>
            <SerialNumberStartBit>1D</SerialNumberStartBit>
         </BitFields>
         <BitFields>
            <TidStartBit>3B</TidStartBit>
            <TidEndBit>3B</TidEndBit>
            <SerialNumberStartBit>1F</SerialNumberStartBit>
         </BitFields>
         <BitFields>
            <TidStartBit>36</TidStartBit>
            <TidEndBit>39</TidEndBit>
            <SerialNumberStartBit>20</SerialNumberStartBit>
         </BitFields>
         <BitFields>
            <TidStartBit>3C</TidStartBit>
            <TidEndBit>3F</TidEndBit>
            <SerialNumberStartBit>24</SerialNumberStartBit>
         </BitFields>
      </SeriesGroup>
   </ModelGroup>
   <ModelGroup>
      <ManufacturerName>Impinj</ManufacturerName>
      <Mdid>801</Mdid>
      <ModelName>Monza 5</ModelName>
      <ModelNumber>130</ModelNumber>
      <SeriesGroup>
         <SeriesNumber>0</SeriesNumber>
         <BitFields>
            <TidStartBit>55</TidStartBit>
            <TidEndBit>5C</TidEndBit>
            <SerialNumberStartBit>05</SerialNumberStartBit>
         </BitFields>
         <BitFields>
            <TidStartBit>41</TidStartBit>
            <TidEndBit>4F</TidEndBit>
            <SerialNumberStartBit>0D</SerialNumberStartBit>
         </BitFields>
         <BitFields>
            <TidStartBit>5D</TidStartBit>
            <TidEndBit>5F</TidEndBit>
            <SerialNumberStartBit>1C</SerialNumberStartBit>
         </BitFields>
         <BitFields>
            <TidStartBit>40</TidStartBit>
            <TidEndBit>40</TidEndBit>
            <SerialNumberStartBit>1F</SerialNumberStartBit>
         </BitFields>
         <BitFields>
            <TidStartBit>38</TidStartBit>
            <TidEndBit>3F</TidEndBit>
            <SerialNumberStartBit>20</SerialNumberStartBit>
         </BitFields>
      </SeriesGroup>
      <SeriesGroup>
         <SeriesNumber>1</SeriesNumber>
         <BitFields>
            <TidStartBit>55</TidStartBit>
            <TidEndBit>5F</TidEndBit>
            <SerialNumberStartBit>02</SerialNumberStartBit>
         </BitFields>
         <BitFields>
            <TidStartBit>40</TidStartBit>
            <TidEndBit>4F</TidEndBit>
            <SerialNumberStartBit>0D</SerialNumberStartBit>
         </BitFields>
         <BitFields>
            <TidStartBit>34</TidStartBit>
            <TidEndBit>35</TidEndBit>
            <SerialNumberStartBit>1D</SerialNumberStartBit>
         </BitFields>
         <BitFields>
            <TidStartBit>37</TidStartBit>
            <TidEndBit>3F</TidEndBit>
            <SerialNumberStartBit>1F</SerialNumberStartBit>
         </BitFields>
      </SeriesGroup>
      <SeriesGroup>
         <SeriesNumber>2</SeriesNumber>
         <BitFields>
            <TidStartBit>55</TidStartBit>
            <TidEndBit>5F</TidEndBit>
            <SerialNumberStartBit>02</SerialNumberStartBit>
         </BitFields>
         <BitFields>
            <TidStartBit>40</TidStartBit>
            <TidEndBit>4F</TidEndBit>
            <SerialNumberStartBit>0D</SerialNumberStartBit>
         </BitFields>
         <BitFields>
            <TidStartBit>34</TidStartBit>
            <TidEndBit>35</TidEndBit>
            <SerialNumberStartBit>1D</SerialNumberStartBit>
         </BitFields>
         <BitFields>
            <TidStartBit>37</TidStartBit>
            <TidEndBit>3F</TidEndBit>
            <SerialNumberStartBit>1F</SerialNumberStartBit>
         </BitFields>
      </SeriesGroup>
      <SeriesGroup>
         <SeriesNumber>3</SeriesNumber>
         <BitFields>
            <TidStartBit>55</TidStartBit>
            <TidEndBit>5F</TidEndBit>
            <SerialNumberStartBit>02</SerialNumberStartBit>
         </BitFields>
         <BitFields>
            <TidStartBit>40</TidStartBit>
            <TidEndBit>4F</TidEndBit>
            <SerialNumberStartBit>0D</SerialNumberStartBit>
         </BitFields>
         <BitFields>
            <TidStartBit>34</TidStartBit>
            <TidEndBit>35</TidEndBit>
            <SerialNumberStartBit>1D</SerialNumberStartBit>
         </BitFields>
         <BitFields>
            <TidStartBit>37</TidStartBit>
            <TidEndBit>3F</TidEndBit>
            <SerialNumberStartBit>1F</SerialNumberStartBit>
         </BitFields>
      </SeriesGroup>      
   </ModelGroup>
   <ModelGroup>
      <ManufacturerName>Impinj</ManufacturerName>
      <Mdid>801</Mdid>
      <ModelName>Monza 5U</ModelName>
      <ModelNumber>132</ModelNumber>
      <SeriesGroup>
         <SeriesNumber>0</SeriesNumber>
         <BitFields>
            <TidStartBit>55</TidStartBit>
            <TidEndBit>5C</TidEndBit>
            <SerialNumberStartBit>05</SerialNumberStartBit>
         </BitFields>
         <BitFields>
            <TidStartBit>41</TidStartBit>
            <TidEndBit>4F</TidEndBit>
            <SerialNumberStartBit>0D</SerialNumberStartBit>
         </BitFields>
         <BitFields>
            <TidStartBit>5D</TidStartBit>
            <TidEndBit>5F</TidEndBit>
            <SerialNumberStartBit>1C</SerialNumberStartBit>
         </BitFields>
         <BitFields>
            <TidStartBit>40</TidStartBit>
            <TidEndBit>40</TidEndBit>
            <SerialNumberStartBit>1F</SerialNumberStartBit>
         </BitFields>
         <BitFields>
            <TidStartBit>38</TidStartBit>
            <TidEndBit>3F</TidEndBit>
            <SerialNumberStartBit>20</SerialNumberStartBit>
         </BitFields>
      </SeriesGroup>
      <SeriesGroup>
         <SeriesNumber>1</SeriesNumber>
         <BitFields>
            <TidStartBit>55</TidStartBit>
            <TidEndBit>5F</TidEndBit>
            <SerialNumberStartBit>02</SerialNumberStartBit>
         </BitFields>
         <BitFields>
            <TidStartBit>40</TidStartBit>
            <TidEndBit>4F</TidEndBit>
            <SerialNumberStartBit>0D</SerialNumberStartBit>
         </BitFields>
         <BitFields>
            <TidStartBit>34</TidStartBit>
            <TidEndBit>35</TidEndBit>
            <SerialNumberStartBit>1D</SerialNumberStartBit>
         </BitFields>
         <BitFields>
            <TidStartBit>37</TidStartBit>
            <TidEndBit>3F</TidEndBit>
            <SerialNumberStartBit>1F</SerialNumberStartBit>
         </BitFields>
      </SeriesGroup>
      <SeriesGroup>
         <SeriesNumber>2</SeriesNumber>
         <BitFields>
            <TidStartBit>55</TidStartBit>
            <TidEndBit>5F</TidEndBit>
            <SerialNumberStartBit>02</SerialNumberStartBit>
         </BitFields>
         <BitFields>
            <TidStartBit>40</TidStartBit>
            <TidEndBit>4F</TidEndBit>
            <SerialNumberStartBit>0D</SerialNumberStartBit>
         </BitFields>
         <BitFields>
            <TidStartBit>34</TidStartBit>
            <TidEndBit>35</TidEndBit>
            <SerialNumberStartBit>1D</SerialNumberStartBit>
         </BitFields>
         <BitFields>
            <TidStartBit>37</TidStartBit>
            <TidEndBit>3F</TidEndBit>
            <SerialNumberStartBit>1F</SerialNumberStartBit>
         </BitFields>
      </SeriesGroup>
      <SeriesGroup>
         <SeriesNumber>3</SeriesNumber>
         <BitFields>
            <TidStartBit>55</TidStartBit>
            <TidEndBit>5F</TidEndBit>
            <SerialNumberStartBit>02</SerialNumberStartBit>
         </BitFields>
         <BitFields>
            <TidStartBit>40</TidStartBit>
            <TidEndBit>4F</TidEndBit>
            <SerialNumberStartBit>0D</SerialNumberStartBit>
         </BitFields>
         <BitFields>
            <TidStartBit>34</TidStartBit>
            <TidEndBit>35</TidEndBit>
            <SerialNumberStartBit>1D</SerialNumberStartBit>
         </BitFields>
         <BitFields>
            <TidStartBit>37</TidStartBit>
            <TidEndBit>3F</TidEndBit>
            <SerialNumberStartBit>1F</SerialNumberStartBit>
         </BitFields>
      </SeriesGroup>      
   </ModelGroup>
   <ModelGroup>
      <ManufacturerName>Impinj</ManufacturerName>
      <Mdid>801</Mdid>
      <ModelName>Monza R6</ModelName>
      <ModelNumber>160</ModelNumber>
      <PermaLockFields>kill,access,epc,user,tid</PermaLockFields>
      <SeriesGroup>
         <BitFields>
            <TidStartBit>55</TidStartBit>
            <TidEndBit>5F</TidEndBit>
            <SerialNumberStartBit>02</SerialNumberStartBit>
         </BitFields>
         <BitFields>
            <TidStartBit>40</TidStartBit>
            <TidEndBit>4F</TidEndBit>
            <SerialNumberStartBit>0D</SerialNumberStartBit>
         </BitFields>
         <BitFields>
            <TidStartBit>35</TidStartBit>
            <TidEndBit>3F</TidEndBit>
            <SerialNumberStartBit>1D</SerialNumberStartBit>
         </BitFields>
      </SeriesGroup>
   </ModelGroup>
   <ModelGroup>
      <ManufacturerName>Impinj</ManufacturerName>
      <Mdid>801</Mdid>
      <ModelName>Monza R6-P</ModelName>
      <ModelNumber>170</ModelNumber>
      <PermaLockFields>kill,access,epc,user</PermaLockFields>
      <SeriesGroup>
         <BitFields>
            <TidStartBit>55</TidStartBit>
            <TidEndBit>5F</TidEndBit>
            <SerialNumberStartBit>02</SerialNumberStartBit>
         </BitFields>
         <BitFields>
            <TidStartBit>40</TidStartBit>
            <TidEndBit>4F</TidEndBit>
            <SerialNumberStartBit>0D</SerialNumberStartBit>
         </BitFields>
         <BitFields>
            <TidStartBit>35</TidStartBit>
            <TidEndBit>3F</TidEndBit>
            <SerialNumberStartBit>1D</SerialNumberStartBit>
         </BitFields>
      </SeriesGroup>
   </ModelGroup>
   <ModelGroup>
      <ManufacturerName>Impinj</ManufacturerName>
      <Mdid>801</Mdid>
      <ModelName>Monza S6-C</ModelName>
      <ModelNumber>171</ModelNumber>
      <SeriesGroup>
         <BitFields>
            <TidStartBit>55</TidStartBit>
            <TidEndBit>5F</TidEndBit>
            <SerialNumberStartBit>02</SerialNumberStartBit>
         </BitFields>
         <BitFields>
            <TidStartBit>40</TidStartBit>
            <TidEndBit>4F</TidEndBit>
            <SerialNumberStartBit>0D</SerialNumberStartBit>
         </BitFields>
         <BitFields>
            <TidStartBit>35</TidStartBit>
            <TidEndBit>3F</TidEndBit>
            <SerialNumberStartBit>1D</SerialNumberStartBit>
         </BitFields>
      </SeriesGroup>
   </ModelGroup>
   <ModelGroup>
      <ManufacturerName>Impinj</ManufacturerName>
      <Mdid>801</Mdid>
      <ModelName>M730</ModelName>
      <ModelNumber>191</ModelNumber>
      <PermaLockFields>kill,access,epc</PermaLockFields>
      <SeriesGroup>
         <BitFields>
            <TidStartBit>57</TidStartBit>
            <TidEndBit>5F</TidEndBit>
            <SerialNumberStartBit>02</SerialNumberStartBit>
         </BitFields>
         <BitFields>
            <TidStartBit>40</TidStartBit>
            <TidEndBit>4F</TidEndBit>
            <SerialNumberStartBit>0B</SerialNumberStartBit>
         </BitFields>
         <BitFields>
            <TidStartBit>33</TidStartBit>
            <TidEndBit>3F</TidEndBit>
            <SerialNumberStartBit>1B</SerialNumberStartBit>
         </BitFields>
      </SeriesGroup>
   </ModelGroup>
   <ModelGroup>
      <ManufacturerName>Impinj</ManufacturerName>
      <Mdid>801</Mdid>
      <ModelName>M750</ModelName>
      <ModelNumber>190</ModelNumber>
      <PermaLockFields>kill,access,epc,user</PermaLockFields>
      <SeriesGroup>
         <BitFields>
            <TidStartBit>57</TidStartBit>
            <TidEndBit>5F</TidEndBit>
            <SerialNumberStartBit>02</SerialNumberStartBit>
         </BitFields>
         <BitFields>
            <TidStartBit>40</TidStartBit>
            <TidEndBit>4F</TidEndBit>
            <SerialNumberStartBit>0B</SerialNumberStartBit>
         </BitFields>
         <BitFields>
            <TidStartBit>33</TidStartBit>
            <TidEndBit>3F</TidEndBit>
            <SerialNumberStartBit>1B</SerialNumberStartBit>
         </BitFields>
      </SeriesGroup>
   </ModelGroup>
   <ModelGroup>
      <ManufacturerName>Impinj</ManufacturerName>
      <Mdid>801</Mdid>
      <ModelName>M830</ModelName>
      <ModelNumber>1B0</ModelNumber>
      <PermaLockFields>kill,access,epc</PermaLockFields>
      <SeriesGroup>
         <BitFields>
            <TidStartBit>57</TidStartBit>
            <TidEndBit>5F</TidEndBit>
            <SerialNumberStartBit>02</SerialNumberStartBit>
         </BitFields>
         <BitFields>
            <TidStartBit>40</TidStartBit>
            <TidEndBit>4F</TidEndBit>
            <SerialNumberStartBit>0B</SerialNumberStartBit>
         </BitFields>
         <BitFields>
            <TidStartBit>33</TidStartBit>
            <TidEndBit>3F</TidEndBit>
            <SerialNumberStartBit>1B</SerialNumberStartBit>
         </BitFields>
      </SeriesGroup>
   </ModelGroup>
   <ModelGroup>
      <ManufacturerName>Alien</ManufacturerName>
      <Mdid>003</Mdid>
      <ModelName>Higgs 3</ModelName>
      <ModelNumber>412</ModelNumber>
      <SeriesGroup>
         <BitFields>
            <TidStartBit>3D</TidStartBit>
            <TidEndBit>5F</TidEndBit>
            <SerialNumberStartBit>05</SerialNumberStartBit>
         </BitFields>
      </SeriesGroup>
   </ModelGroup>
   <ModelGroup>
      <ManufacturerName>Alien</ManufacturerName>
      <Mdid>003</Mdid>
      <ModelName>Higgs 4</ModelName>
      <ModelNumber>414</ModelNumber>
      <SeriesGroup>
         <BitFields>
            <TidStartBit>3D</TidStartBit>
            <TidEndBit>5F</TidEndBit>
            <SerialNumberStartBit>05</SerialNumberStartBit>
         </BitFields>
      </SeriesGroup>
   </ModelGroup>
   <ModelGroup>
      <ManufacturerName>Alien</ManufacturerName>
      <Mdid>003</Mdid>
      <ModelName>Higgs EC</ModelName>
      <ModelNumber>811</ModelNumber>
      <SeriesGroup>
         <BitFields>
            <TidStartBit>3D</TidStartBit>
            <TidEndBit>5F</TidEndBit>
            <SerialNumberStartBit>05</SerialNumberStartBit>
         </BitFields>
      </SeriesGroup>
   </ModelGroup>
   <ModelGroup>
      <ManufacturerName>Alien</ManufacturerName>
      <Mdid>803</Mdid>
      <ModelName>Higgs 9</ModelName>
      <ModelNumber>821</ModelNumber>
      <SeriesGroup>
         <BitFields>
            <TidStartBit>3D</TidStartBit>
            <TidEndBit>5F</TidEndBit>
            <SerialNumberStartBit>05</SerialNumberStartBit>
         </BitFields>
      </SeriesGroup>
   </ModelGroup>
   <ModelGroup>
      <ManufacturerName>NXP</ManufacturerName>
      <Mdid>006</Mdid>
      <ModelName>G2xM</ModelName>
      <ModelNumber>003</ModelNumber>
      <SeriesGroup>
         <BitFields>
            <TidStartBit>15</TidStartBit>
            <TidEndBit>17</TidEndBit>
            <SerialNumberStartBit>05</SerialNumberStartBit>
         </BitFields>
         <BitFields>
            <TidStartBit>20</TidStartBit>
            <TidEndBit>3F</TidEndBit>
            <SerialNumberStartBit>08</SerialNumberStartBit>
         </BitFields>
      </SeriesGroup>
   </ModelGroup>
   <ModelGroup>
      <ManufacturerName>NXP</ManufacturerName>
      <Mdid>006</Mdid>
      <ModelName>G2xL</ModelName>
      <ModelNumber>004</ModelNumber>
      <SeriesGroup>
         <BitFields>
            <TidStartBit>15</TidStartBit>
            <TidEndBit>17</TidEndBit>
            <SerialNumberStartBit>05</SerialNumberStartBit>
         </BitFields>
         <BitFields>
            <TidStartBit>20</TidStartBit>
            <TidEndBit>3F</TidEndBit>
            <SerialNumberStartBit>08</SerialNumberStartBit>
         </BitFields>
      </SeriesGroup>
   </ModelGroup>
   <ModelGroup>
      <ManufacturerName>NXP</ManufacturerName>
      <Mdid>006</Mdid>
      <ModelName>G2iL</ModelName>
      <ModelNumber>806</ModelNumber>
      <SeriesGroup>
         <BitFields>
            <TidStartBit>15</TidStartBit>
            <TidEndBit>17</TidEndBit>
            <SerialNumberStartBit>05</SerialNumberStartBit>
         </BitFields>
         <BitFields>
            <TidStartBit>20</TidStartBit>
            <TidEndBit>3F</TidEndBit>
            <SerialNumberStartBit>08</SerialNumberStartBit>
         </BitFields>
      </SeriesGroup>
   </ModelGroup>
   <ModelGroup>
      <ManufacturerName>NXP</ManufacturerName>
      <Mdid>006</Mdid>
      <ModelName>G2iL</ModelName>
      <ModelNumber>906</ModelNumber>
      <SeriesGroup>
         <BitFields>
            <TidStartBit>15</TidStartBit>
            <TidEndBit>17</TidEndBit>
            <SerialNumberStartBit>05</SerialNumberStartBit>
         </BitFields>
         <BitFields>
            <TidStartBit>20</TidStartBit>
            <TidEndBit>3F</TidEndBit>
            <SerialNumberStartBit>08</SerialNumberStartBit>
         </BitFields>
      </SeriesGroup>
   </ModelGroup>
   <ModelGroup>
      <ManufacturerName>NXP</ManufacturerName>
      <Mdid>006</Mdid>
      <ModelName>G2iL</ModelName>
      <ModelNumber>A06</ModelNumber>
      <SeriesGroup>
         <BitFields>
            <TidStartBit>15</TidStartBit>
            <TidEndBit>17</TidEndBit>
            <SerialNumberStartBit>05</SerialNumberStartBit>
         </BitFields>
         <BitFields>
            <TidStartBit>20</TidStartBit>
            <TidEndBit>3F</TidEndBit>
            <SerialNumberStartBit>08</SerialNumberStartBit>
         </BitFields>
      </SeriesGroup>
   </ModelGroup>
   <ModelGroup>
      <ManufacturerName>NXP</ManufacturerName>
      <Mdid>006</Mdid>
      <ModelName>G2iL</ModelName>
      <ModelNumber>B06</ModelNumber>
      <SeriesGroup>
         <BitFields>
            <TidStartBit>15</TidStartBit>
            <TidEndBit>17</TidEndBit>
            <SerialNumberStartBit>05</SerialNumberStartBit>
         </BitFields>
         <BitFields>
            <TidStartBit>20</TidStartBit>
            <TidEndBit>3F</TidEndBit>
            <SerialNumberStartBit>08</SerialNumberStartBit>
         </BitFields>
      </SeriesGroup>
   </ModelGroup>
   <ModelGroup>
      <ManufacturerName>NXP</ManufacturerName>
      <Mdid>006</Mdid>
      <ModelName>G2iL</ModelName>
      <ModelNumber>C06</ModelNumber>
      <SeriesGroup>
         <BitFields>
            <TidStartBit>15</TidStartBit>
            <TidEndBit>17</TidEndBit>
            <SerialNumberStartBit>05</SerialNumberStartBit>
         </BitFields>
         <BitFields>
            <TidStartBit>20</TidStartBit>
            <TidEndBit>3F</TidEndBit>
            <SerialNumberStartBit>08</SerialNumberStartBit>
         </BitFields>
      </SeriesGroup>
   </ModelGroup>
   <ModelGroup>
      <ManufacturerName>NXP</ManufacturerName>
      <Mdid>006</Mdid>
      <ModelName>G2iL</ModelName>
      <ModelNumber>D06</ModelNumber>
      <SeriesGroup>
         <BitFields>
            <TidStartBit>15</TidStartBit>
            <TidEndBit>17</TidEndBit>
            <SerialNumberStartBit>05</SerialNumberStartBit>
         </BitFields>
         <BitFields>
            <TidStartBit>20</TidStartBit>
            <TidEndBit>3F</TidEndBit>
            <SerialNumberStartBit>08</SerialNumberStartBit>
         </BitFields>
      </SeriesGroup>
   </ModelGroup>
   <ModelGroup>
      <ManufacturerName>NXP</ManufacturerName>
      <Mdid>006</Mdid>
      <ModelName>G2iL</ModelName>
      <ModelNumber>E06</ModelNumber>
      <SeriesGroup>
         <BitFields>
            <TidStartBit>15</TidStartBit>
            <TidEndBit>17</TidEndBit>
            <SerialNumberStartBit>05</SerialNumberStartBit>
         </BitFields>
         <BitFields>
            <TidStartBit>20</TidStartBit>
            <TidEndBit>3F</TidEndBit>
            <SerialNumberStartBit>08</SerialNumberStartBit>
         </BitFields>
      </SeriesGroup>
   </ModelGroup>
   <ModelGroup>
      <ManufacturerName>NXP</ManufacturerName>
      <Mdid>006</Mdid>
      <ModelName>G2iL</ModelName>
      <ModelNumber>F06</ModelNumber>
      <SeriesGroup>
         <BitFields>
            <TidStartBit>15</TidStartBit>
            <TidEndBit>17</TidEndBit>
            <SerialNumberStartBit>05</SerialNumberStartBit>
         </BitFields>
         <BitFields>
            <TidStartBit>20</TidStartBit>
            <TidEndBit>3F</TidEndBit>
            <SerialNumberStartBit>08</SerialNumberStartBit>
         </BitFields>
      </SeriesGroup>
   </ModelGroup>
   <ModelGroup>
      <ManufacturerName>NXP</ManufacturerName>
      <Mdid>006</Mdid>
      <ModelName>G2iM</ModelName>
      <ModelNumber>80A</ModelNumber>
      <SeriesGroup>
         <BitFields>
            <TidStartBit>3D</TidStartBit>
            <TidEndBit>5F</TidEndBit>
            <SerialNumberStartBit>05</SerialNumberStartBit>
         </BitFields>
      </SeriesGroup>
   </ModelGroup>
   <ModelGroup>
      <ManufacturerName>NXP</ManufacturerName>
      <Mdid>806</Mdid>
      <ModelName>UCode7</ModelName>
      <ModelNumber>810</ModelNumber>
      <SeriesGroup>
         <BitFields>
            <TidStartBit>3D</TidStartBit>
            <TidEndBit>5F</TidEndBit>
            <SerialNumberStartBit>05</SerialNumberStartBit>
         </BitFields>
      </SeriesGroup>
   </ModelGroup>
   <ModelGroup>
      <ManufacturerName>NXP</ManufacturerName>
      <Mdid>806</Mdid>
      <ModelName>UCode7</ModelName>
      <ModelNumber>890</ModelNumber>
      <SeriesGroup>
         <BitFields>
            <TidStartBit>3D</TidStartBit>
            <TidEndBit>5F</TidEndBit>
            <SerialNumberStartBit>05</SerialNumberStartBit>
         </BitFields>
      </SeriesGroup>
   </ModelGroup>
   <ModelGroup>
      <ManufacturerName>NXP</ManufacturerName>
      <Mdid>806</Mdid>
      <ModelName>UCode7xm</ModelName>
      <ModelNumber>F12</ModelNumber>
      <SeriesGroup>
         <BitFields>
            <TidStartBit>3D</TidStartBit>
            <TidEndBit>5F</TidEndBit>
            <SerialNumberStartBit>05</SerialNumberStartBit>
         </BitFields>
      </SeriesGroup>
   </ModelGroup>
   <ModelGroup>
      <ManufacturerName>NXP</ManufacturerName>
      <Mdid>806</Mdid>
      <ModelName>UCode8</ModelName>
      <ModelNumber>894</ModelNumber>
      <PermaLockFields>kill,access,epc</PermaLockFields>
      <SeriesGroup>
         <BitFields>
            <TidStartBit>3D</TidStartBit>
            <TidEndBit>5F</TidEndBit>
            <SerialNumberStartBit>05</SerialNumberStartBit>
         </BitFields>
      </SeriesGroup>
   </ModelGroup>
   <ModelGroup>
      <ManufacturerName>NXP</ManufacturerName>
      <Mdid>806</Mdid>
      <ModelName>UCode8m</ModelName>
      <ModelNumber>994</ModelNumber>
      <PermaLockFields>kill,access,epc,user</PermaLockFields>
      <SeriesGroup>
         <BitFields>
            <TidStartBit>3D</TidStartBit>
            <TidEndBit>5F</TidEndBit>
            <SerialNumberStartBit>05</SerialNumberStartBit>
         </BitFields>
      </SeriesGroup>
   </ModelGroup>   
   <ModelGroup>
      <ManufacturerName>NXP</ManufacturerName>
      <Mdid>806</Mdid>
      <ModelName>UCode9</ModelName>
      <ModelNumber>995</ModelNumber>
      <PermaLockFields>kill,access,epc,user,tid</PermaLockFields>
      <SeriesGroup>
         <BitFields>
            <TidStartBit>3D</TidStartBit>
            <TidEndBit>5F</TidEndBit>
            <SerialNumberStartBit>05</SerialNumberStartBit>
         </BitFields>
      </SeriesGroup>
   </ModelGroup>
   <ModelGroup>
      <ManufacturerName>NXP</ManufacturerName>
      <Mdid>806</Mdid>
      <ModelName>UCode9</ModelName>
      <ModelNumber>915</ModelNumber>
      <PermaLockFields>kill,access,epc,user,tid</PermaLockFields>
      <SeriesGroup>
         <BitFields>
            <TidStartBit>3D</TidStartBit>
            <TidEndBit>5F</TidEndBit>
            <SerialNumberStartBit>05</SerialNumberStartBit>
         </BitFields>
      </SeriesGroup>
   </ModelGroup>
   <ModelGroup>
      <ManufacturerName>NXP</ManufacturerName>
      <Mdid>806</Mdid>
      <ModelName>UCode9xe</ModelName>
      <ModelNumber>A96</ModelNumber>
      <PermaLockFields>kill,access,epc,user,tid</PermaLockFields>
      <SeriesGroup>
         <BitFields>
            <TidStartBit>3D</TidStartBit>
            <TidEndBit>5F</TidEndBit>
            <SerialNumberStartBit>05</SerialNumberStartBit>
         </BitFields>
      </SeriesGroup>
   </ModelGroup>
   <ModelGroup>
      <ManufacturerName>NXP</ManufacturerName>
      <Mdid>806</Mdid>
      <ModelName>UCodeX</ModelName>
      <ModelNumber>898</ModelNumber>
      <PermaLockFields>kill,access,epc,user,tid</PermaLockFields>
      <SeriesGroup>
         <BitFields>
            <TidStartBit>3D</TidStartBit>
            <TidEndBit>5F</TidEndBit>
            <SerialNumberStartBit>05</SerialNumberStartBit>
         </BitFields>
      </SeriesGroup>
   </ModelGroup>
   <ModelGroup>
      <ManufacturerName>NXP</ManufacturerName>
      <Mdid>806</Mdid>
      <ModelName>96-bit</ModelName>
      <ModelNumber>910</ModelNumber>
      <SeriesGroup>
         <BitFields>
            <TidStartBit>3D</TidStartBit>
            <TidEndBit>5F</TidEndBit>
            <SerialNumberStartBit>05</SerialNumberStartBit>
         </BitFields>
      </SeriesGroup>
   </ModelGroup>
   <ModelGroup>
      <ManufacturerName>NXP</ManufacturerName>
      <Mdid>806</Mdid>
      <ModelName>96-bit</ModelName>
      <ModelNumber>990</ModelNumber>
      <SeriesGroup>
         <BitFields>
            <TidStartBit>3D</TidStartBit>
            <TidEndBit>5F</TidEndBit>
            <SerialNumberStartBit>05</SerialNumberStartBit>
         </BitFields>
      </SeriesGroup>
   </ModelGroup>
   <ModelGroup>
      <ManufacturerName>NXP</ManufacturerName>
      <Mdid>806</Mdid>
      <ModelName>96-bit</ModelName>
      <ModelNumber>A10</ModelNumber>
      <SeriesGroup>
         <BitFields>
            <TidStartBit>3D</TidStartBit>
            <TidEndBit>5F</TidEndBit>
            <SerialNumberStartBit>05</SerialNumberStartBit>
         </BitFields>
      </SeriesGroup>
   </ModelGroup>
   <ModelGroup>
      <ManufacturerName>NXP</ManufacturerName>
      <Mdid>806</Mdid>
      <ModelName>96-bit</ModelName>
      <ModelNumber>A90</ModelNumber>
      <SeriesGroup>
         <BitFields>
            <TidStartBit>3D</TidStartBit>
            <TidEndBit>5F</TidEndBit>
            <SerialNumberStartBit>05</SerialNumberStartBit>
         </BitFields>
      </SeriesGroup>
   </ModelGroup>
   <ModelGroup>
      <ManufacturerName>EM</ManufacturerName>
      <Mdid>00B</Mdid>
      <ModelName>64-bit</ModelName>
      <SeriesGroup>
         <BitFields>
            <TidStartBit>1A</TidStartBit>
            <TidEndBit>1C</TidEndBit>
            <SerialNumberStartBit>05</SerialNumberStartBit>
         </BitFields>
         <BitFields>
            <TidStartBit>20</TidStartBit>
            <TidEndBit>3F</TidEndBit>
            <SerialNumberStartBit>08</SerialNumberStartBit>
         </BitFields>
      </SeriesGroup>
   </ModelGroup>
   <ModelGroup>
      <ManufacturerName>EM</ManufacturerName>
      <Mdid>80B</Mdid>
      <ModelName>96-bit</ModelName>
      <SeriesGroup>
         <BitFields>
            <TidStartBit>1A</TidStartBit>
            <TidEndBit>1C</TidEndBit>
            <SerialNumberStartBit>05</SerialNumberStartBit>
         </BitFields>
         <BitFields>
            <TidStartBit>40</TidStartBit>
            <TidEndBit>5F</TidEndBit>
            <SerialNumberStartBit>08</SerialNumberStartBit>
         </BitFields>
      </SeriesGroup>
   </ModelGroup>
   <CRC>6EFC</CRC>
</Recipes>
